promo_id,promo_code,description,discount_pct,valid_from,valid_until,applies_to_category,max_uses,status
502be84f-1c97-40ab-8e36-e8b60880e8b6,OZQO41,Drug how hand deep miss.,7,2023-12-05,2024-05-28,all,5617,active
1434cfb9-941d-495b-af5f-a546881e45cc,UVEA20,Analysis decision prove music offer kid four could.,29,2023-03-27,2023-04-12,electronics,9025,expired
bb2c11f3-a6f3-4004-976c-c19b72c9ee18,BDAF96,Resource oil run heavy old meeting brother.,36,2023-04-24,2024-02-11,all,9413,expired
95c6c24d-1cb0-4079-a6aa-ca97403defff,EKXM01,But school act person sort suffer give away.,6,2022-10-01,2023-04-19,other,5273,expired
2cc22a4a-eb53-4ffc-9079-fb349e2d0e28,YHAK97,Better around culture Mrs camera car.,42,2022-09-04,2023-11-14,books,1004,expired
38313041-db92-44c2-b0fc-c1ea93b7a302,JKXQ10,Kid movement tough pull.,9,2023-12-10,2024-07-02,electronics,658,active
44ca58fc-cd7c-438c-aa39-989e0b628eeb,LTGV53,Number future pattern course.,17,2023-02-07,2023-04-09,home_goods,4793,expired
e1b50713-c038-4d36-8e99-aa7a3e1dd82a,SWFW28,Fly full soldier professor hit.,5,2023-06-17,2024-01-06,jewelry,2036,expired
caf1401c-38f8-4e78-a756-652971469540,FZKY91,Bad dream evening many.,9,2024-04-24,2024-06-29,all,2874,active
b5a01bb8-f597-4ccd-82b9-97cd939d1961,WHFH40,Industry light decision how forward.,10,2023-08-01,2023-08-06,other,4946,expired
a2538235-56ab-4853-93d8-87796900c3a4,VLSS82,Perform her same strategy buy affect cell big.,42,2024-02-17,2024-07-13,beauty,4665,active
224c5831-dbd0-4381-ac56-438b62556a46,QMWQ01,Street hospital assume perform speech money world.,34,2024-03-06,2024-07-20,beauty,6369,active
a17476fb-6878-498e-a8e3-e877778b84c1,EWUB05,Fire democratic oil customer remember.,28,2022-10-05,2023-01-11,electronics,3394,expired
79518ec0-2101-49a5-8a47-666ac2844f15,SNNW93,Head school buy president light later.,48,2023-10-12,2024-02-20,home_goods,6367,expired
7b96c929-87e4-4795-869e-2578211a7061,LKUP52,Security strong now glass.,32,2023-11-19,2024-07-01,all,9373,active
ba1f7a57-9f45-4bab-aa05-3ba8fa00911e,TVNB48,Sea right truth major listen weight.,40,2024-03-10,2024-09-08,apparel,6169,active
9623c0eb-c26d-49c1-be32-fb780d6ba057,VLLV17,Live star center also time lawyer.,12,2024-01-24,2024-03-19,beauty,9831,expired
2cb761c3-b47c-4a93-8d49-54688a4593ae,QFJD28,Treat maintain policy rule put.,16,2023-11-30,2024-08-31,food,9715,active
185ebb90-90ac-4a99-872f-c4290adc2728,ZBSE65,Human strong prevent white change bring simple join.,33,2024-04-09,2024-09-23,other,1107,active
ebd7549a-110c-4125-b5a7-477126e2777c,DDUR00,Realize color popular degree.,48,2023-06-16,2024-01-21,other,1459,expired
fea36e0a-a6bd-4b2d-a7d8-fe8c7cf54f88,GTBM75,Lay decade kind gun situation goal.,33,2023-11-02,2024-08-06,jewelry,4891,active
c1c8f255-0089-4f99-9358-5f0a4036ec4f,VOKT22,Father crime shoulder interview.,23,2024-02-18,2024-07-13,food,3532,active
53929d63-6712-4a31-85c3-807f22f068f4,RJMZ39,Boy expect less it off establish affect.,47,2022-11-03,2024-02-06,apparel,9370,expired
e9e15041-6ac5-430f-b9a2-a8caf63e2ba8,CPDE55,Stand exactly modern drug want.,39,2023-12-05,2024-10-22,electronics,1286,active
a099274c-e9a7-416b-be9d-48c3dab273cb,LYSP48,Project four section important way.,43,2023-11-17,2024-07-12,tools,1985,active
45bbdd18-7e62-4b49-9cbc-fe5c6592ef16,BWGW94,Collection capital appear cup right argue trip.,41,2023-11-12,2024-05-16,all,2234,active
2dfe5992-d7b7-4e36-8b8a-4201e1cc2ca3,CHJZ01,Lay generation model assume.,13,2023-11-18,2024-09-25,automotive,6228,active
b5df416b-fe17-454d-b179-c57178cb286b,DWWM45,Present too seem theory big build.,13,2024-04-10,2024-10-04,all,2847,active
84c18013-bfe9-41ec-b274-cdd8d45431bb,DMSN39,Else receive few happy.,9,2023-11-21,2024-08-25,beauty,9699,active
6c289908-ca4b-4caa-8423-04c10203f43d,PXWR56,Office follow control never season somebody.,34,2024-03-19,2024-08-16,food,5256,active
1b39e2ca-3e4c-423e-ad4f-409840979d7b,LXOJ91,Recently travel start sometimes red behavior.,18,2024-04-13,2024-09-08,apparel,2336,active
fc19159c-df7b-44ac-9ce7-12dcf3937512,ELGV92,Case down individual although thank board down.,43,2023-01-14,2024-04-19,beauty,3799,expired
bda3e69e-67a6-4032-b96d-39a4189ec991,QPNQ33,Into bed common high suffer spring common experience.,49,2022-12-16,2023-06-13,home_goods,771,expired
f1f33016-96a0-4179-a288-eea506e35be2,WXNM06,American these nice street often contain.,23,2023-11-25,2024-08-04,electronics,9446,active
2ffc1cf8-dcd0-448c-ae87-f967a9405e13,IGSX57,Point less relate key weight project.,7,2023-03-30,2024-03-18,all,9595,expired
530f7161-c87d-4978-b314-eeaf089949f6,ZPBZ00,School drop service tell.,40,2022-09-30,2023-06-13,other,4014,expired
f09814a9-30b5-4e6a-8fd7-3c3892d76d02,QZSB60,Young hundred simple ago moment hit environmental.,23,2023-03-24,2023-11-22,all,8355,expired
8a1a7835-f8a7-428b-83b9-70b7329d2dad,KTJK82,Meet brother with other large mouth else.,43,2024-06-12,2024-07-30,beauty,5632,scheduled
4a614e3d-8310-4185-a993-f9bc78cb9401,BKAQ23,Along operation itself international bag.,16,2023-12-03,2024-08-06,sports,5798,active
c02e7533-8a51-4d43-ae76-15692046f814,NEON62,Hand the that under rest food song.,42,2023-05-14,2023-08-25,other,9302,expired
b33d914d-e373-4ded-bc5e-b526454d4778,TPRA21,Street like remain spend try mouth edge.,34,2024-06-04,2024-09-11,other,6555,scheduled
b1f2ce57-e4ba-4a9b-80fd-db431334584f,WMSI64,Then rise month.,37,2023-03-13,2023-07-23,books,8974,expired
e468fd76-ea27-49c9-b383-29884d0bca19,OOAO12,Need significant Congress oil here.,32,2024-04-09,2024-08-23,automotive,9006,active
9f255092-b4fd-4c51-9e49-9ea4cd45432a,MFWC67,Plan situation top.,31,2023-12-08,2024-08-10,electronics,9755,active
c98d9d7d-2b49-46d7-b21b-35cb6fc1782e,EDKZ68,Cell look east record another evidence defense.,10,2024-01-02,2024-07-28,jewelry,6159,active
7b2359f4-d4ec-49b0-83b7-56449d140fef,TOTS81,Research minute total cost middle.,20,2023-12-05,2024-05-03,all,7033,active
44b18c68-8153-4426-bcd8-15bbf390c8fe,GPJN80,Expert foreign wind seven answer.,33,2022-12-20,2023-01-07,automotive,8535,expired
4faae037-a71b-4bb8-a2e7-d57673275f59,WXIY89,South doctor worry fire.,18,2023-01-08,2024-03-19,food,7607,expired
98d2ea91-1ac9-4ffb-ae97-60a88695f310,FZSL82,Role true car form heavy federal.,22,2024-03-03,2024-07-15,all,1723,active
b54b8f92-f22e-4f8a-9078-c6d2967e2043,UCYH47,Identify management film idea friend challenge.,20,2024-06-11,2024-10-04,automotive,6159,scheduled
a076da24-3aaa-479a-a77f-db5f1d75711b,TBCQ87,Kind project step these.,23,2022-10-23,2024-03-23,tools,4139,expired
8e5ae617-04f9-4a5b-bbfb-7cfb7f6ad96e,BECA08,Hand might evening new woman within discussion.,14,2022-07-27,2024-01-24,all,1785,expired
34105244-8c1a-4331-8421-efe5e785ab9a,EGRV18,Argue tend free total arrive citizen door.,32,2023-11-08,2024-10-07,all,7019,active
4b623a32-c75d-4371-b8c8-631fbe3b4b42,NSCT11,Enjoy rest address start.,48,2024-01-01,2024-06-23,electronics,1649,active
115a64f0-a2f7-44a9-aff6-8c529447816f,NCNG26,Company eight western write me.,21,2024-01-25,2024-05-12,all,7883,active
cb9610a2-ed4e-4cab-9918-1f36a6637d5c,YAAP78,These suddenly high effect.,18,2024-02-16,2024-05-30,automotive,9705,active
93fb694f-a8f7-474c-90e1-cd0f367da7f5,BHJV37,Position determine knowledge TV.,14,2022-11-23,2023-05-11,all,1071,expired
657c9ca7-4ceb-478b-8f6c-1785ca0a21c7,XYYL05,Down music including computer behind.,28,2024-04-21,2024-09-26,electronics,8503,active
5c288c8f-e9a8-41b7-8a2b-ce4ff99b4413,GUQR52,Life clear seat red home.,8,2024-03-05,2024-07-07,electronics,9384,active
da26ebae-726f-46d0-8dfa-6e40d5c8dbb6,LWNO75,Possible customer maybe onto side same.,10,2024-03-24,2024-08-16,apparel,5908,active
b7c9faba-5ec4-4b76-9256-a1c7f77a13c0,SHDT58,Today size build same research young.,24,2024-02-07,2024-09-15,beauty,8437,active
00fd7813-6628-445e-a212-ad4a1498e5a4,AATR03,Positive we carry traditional face.,16,2024-01-18,2024-08-08,home_goods,9109,active
5e305c57-edef-41a7-939e-d8f711514f18,OYKT99,Project campaign occur buy.,24,2023-11-13,2024-05-14,books,7892,active
35cc79b2-203d-4dd9-91ac-e0f15c4027ff,NUIG89,Move lose case drug production country theory.,32,2024-01-29,2024-08-26,all,4294,active
da74f772-a77c-4008-84e7-df95d1bc594a,FBTO20,Great investment man pull reality fall be.,6,2023-12-04,2024-09-21,all,2497,active
152a49dc-aa26-4f0b-9490-cc30385dc14c,RKGR63,High staff candidate law whatever nor.,5,2024-01-08,2024-10-23,food,9481,active
9fefb93f-72d3-45c1-8239-928957e9afac,GGQA50,West soldier factor dog raise modern.,28,2024-03-02,2024-05-29,jewelry,2135,active
402ca7b9-0b14-4fce-9105-131ec56dda83,TVKQ74,Should even thing campaign camera.,24,2024-02-24,2024-06-09,books,5714,active
69bf9c14-599d-40b6-961c-ea782e45942a,KWZA97,Far green player next admit.,25,2022-07-16,2023-09-14,home_goods,1502,expired
3c979853-021b-4526-8f04-3ac56a6d0795,KXYK20,Language responsibility whether generation never able box season.,17,2024-04-24,2024-05-22,all,2961,active
5fe48d8c-527c-42c8-b1d0-707883281424,XDMU18,Land bed report either physical professor.,37,2024-01-03,2024-07-28,home_goods,1049,active
3dc4dcb5-bcf4-4416-92ce-77a5168fc646,QWGN00,Difficult cold weight record note study.,23,2023-02-18,2024-02-13,all,9058,expired
6fe6fbf8-c50b-484a-ad58-1dbdb0c081fc,ISIT81,Drive source painting fact while remember cause field.,6,2024-04-28,2024-09-22,toys,4834,active
f9343828-5e0a-42a0-93ce-74b127a49750,UTJM52,Another way direction through soon.,23,2024-07-15,2024-12-20,apparel,4160,scheduled
6791ac72-8022-49f3-9b2a-bfab6c246446,PSFP84,Out president ten or business require.,19,2023-09-23,2023-12-04,tools,1833,expired
0cf73433-6674-49e1-81e5-4b4136dc799f,MPXB69,Floor your store of number coach finish response.,17,2023-12-09,2024-07-08,all,1589,active
21c461da-53ea-4fa3-9d86-6540660eabca,YQBZ84,Quite inside role my how view level likely.,48,2023-12-03,2024-10-13,automotive,7866,active
7aeba06c-2829-48c1-a3ae-867a5b067623,UFOE88,State create environmental nation door design.,15,2023-03-25,2023-10-01,all,5099,expired
737e2857-5015-4700-8152-e4e57dd8bdde,KBFR57,Couple act father media red prevent themselves since.,11,2024-04-26,2024-08-13,apparel,7425,active
38f62363-a230-4e85-aeef-b0f23d745a4e,WCKD16,Wish court conference in where concern.,25,2024-03-05,2024-07-19,all,7578,active
c505dfce-2332-465c-928b-cd1ff1e8a740,NYVB23,Star above worry.,19,2023-04-19,2023-11-05,toys,4559,expired
19a797f8-7d13-44f5-a190-37b154d5ac6f,OLFI12,Meet class today.,50,2024-02-22,2024-10-19,sports,6472,active
b94246e9-c684-4baf-ab8d-73ef447f1e23,KUXM39,Finish education seven so official.,48,2023-01-07,2023-09-13,apparel,8285,expired
ee8ee449-ba47-47ec-b3dd-840dab009af9,LZJB06,Customer organization someone fine effect situation.,8,2022-12-31,2023-05-23,toys,3743,expired
c7613090-9830-48d7-a1b6-89eb066f695c,DQLW37,American own defense movie western.,29,2024-03-22,2024-07-30,apparel,2208,active
c198984e-1303-4431-948c-4c168523e072,KYYI24,Book hit gun practice them general only.,43,2024-04-08,2024-08-04,books,4455,active
40907ff5-0884-4189-99d8-cbe1056640d5,EODQ74,Major situation if number pattern almost he.,41,2024-03-16,2024-05-14,home_goods,7235,active
2bd18de6-ca3f-44f0-9b2c-967dd36766f3,BPHU62,Difference test special vote easy.,25,2024-03-08,2024-07-25,food,1417,active
1f071716-4b66-4fff-ac83-71f4e91f0e7f,KUJK54,Which article home their three entire.,40,2023-11-27,2024-09-24,toys,8073,active
5da11427-9b4e-4e2a-bed3-c4ef3382e74e,OCLG41,Public of industry you can lot parent meeting.,19,2024-03-14,2024-05-15,beauty,5576,active
c7cbfa3d-06d6-40c3-bfb9-aa3b8f4b4b70,GGPU26,Value who popular rise language.,26,2023-12-25,2024-10-01,other,6225,active
a2ee01e1-0962-4044-abfe-00e562100a30,WESM53,Threat send paper trade performance over improve.,50,2024-03-17,2024-08-22,all,5533,active
ba8a086b-51f7-4e0a-9bfe-9a373c4b023b,KDBN11,Anything daughter direction per pay phone.,25,2023-12-15,2024-09-13,food,7219,active
28125b4c-17b8-4574-acca-698db29b0c68,FEIX81,Five create group room method attack.,6,2024-01-08,2024-09-14,books,4963,active
f779dc02-992e-4bec-8be4-e744e15eb498,CMAQ50,Beyond mind tell out clearly stock.,26,2022-10-09,2023-11-20,apparel,8036,expired
364dde8b-d6d4-4948-b4aa-b573d9215003,TTDU57,Even market recent condition many debate.,23,2023-11-27,2024-05-31,sports,5358,active
00dcb20d-07e1-4217-9963-fa6ff1da704b,TAXJ96,Effect interest generation quality.,21,2024-01-13,2024-08-06,all,3922,active
fa0bf1a4-01bc-4ed9-86e3-c787f2e17a2b,ANIC76,Future piece new far interview decision.,23,2022-10-09,2023-01-25,all,7124,expired
942d295a-dea3-422e-bcdf-f4a98c41fcd8,TYSX58,Help feel people deep campaign.,18,2022-11-05,2023-03-15,all,6742,expired
90136645-971d-4106-a9d0-d045c20ef5fb,VOCW36,Tax continue if water strong maintain.,24,2023-10-22,2023-11-12,electronics,9660,expired
552e977a-7d0a-4214-9d45-2425f2243e80,HIZS63,Part would head suddenly party.,24,2023-11-09,2024-07-22,jewelry,4057,active
e3f48401-11db-40ee-a87e-d97a91d74db3,EEAX70,Ever recent continue piece break fight child.,9,2023-01-16,2023-05-18,books,7538,expired
59bae9eb-1ca9-4063-83ee-a0d4f004e14f,KGCF94,Do measure room suggest series need.,22,2024-02-24,2024-06-13,other,8397,active
c9bf035c-16bc-4ea5-b6f7-ad99153c1fff,NFBH75,Suddenly play reflect born.,45,2023-11-08,2024-03-17,toys,9965,expired
9eb4cfc6-6b2e-4c27-b124-0d85a539c696,NARP84,Sound lawyer challenge law area century compare.,48,2023-02-25,2023-06-01,home_goods,6983,expired
4c0c4ca5-737c-4158-ae74-86af81993130,OKMG61,Relate across light six radio trade just.,47,2023-11-30,2024-05-23,all,218,active
088bfd9e-1965-47b1-aaf0-7ebd5c37c3be,BSYT36,Model Democrat truth get environmental.,31,2024-04-02,2024-07-26,electronics,8969,active
b51e74ca-98b9-4d37-8731-4d6442e6b0e9,DREZ42,Short space improve door.,9,2023-12-07,2024-06-30,apparel,7412,active
59002d28-d21b-46ec-9242-0a9af1421105,JMYJ37,School all large media middle three.,8,2023-02-06,2024-03-01,sports,1852,expired
ff581a90-e7d4-46de-be32-d51f791e9c57,HTLV02,Sport investment three.,12,2024-05-13,2024-10-05,all,2971,scheduled
dab54886-eb71-4536-b439-7562814af83b,LBTL14,Speech once from.,8,2024-03-31,2024-09-20,apparel,2723,active
431b306a-8e6b-4bf8-af7b-fd850271e66d,GCWM75,Myself resource decide individual environmental write production.,8,2024-02-02,2024-07-06,apparel,6329,active
8a3d863e-49f5-4101-a6f0-cf5fb8b1020e,NFOM22,Physical interesting Mrs party.,46,2024-03-14,2024-08-03,all,763,active
13b7f21f-dad8-4aa1-a43d-9509f3caee63,JMPN93,Language matter rise present travel treat.,50,2023-02-06,2023-12-08,books,522,expired
9f0f3d7a-5aa8-4e43-b137-bc5687f6ef39,VPVW26,Shoulder environmental many attorney onto.,28,2022-08-27,2024-03-18,automotive,8585,expired
20edaeed-e3d2-4663-bceb-81fc81329868,CLZB57,Pick would two seem coach service.,31,2023-05-14,2023-09-11,apparel,2074,expired
d64f402b-0949-4357-bd39-959aebdcdc16,ZICQ63,Picture art should call chance physical friend.,38,2024-01-14,2024-05-28,electronics,7603,active
aca9168d-e576-4b2f-bad4-5abbe5e8652f,CLSK31,Should usually past factor inside.,26,2022-10-01,2023-01-03,all,2650,expired
00052444-386c-48dd-a034-627dfcd498f8,VPRV00,Approach nor since strong.,29,2023-07-13,2024-02-22,other,8231,expired
3bfc763b-d652-48cf-afae-af8c5cc07cf1,SFQK00,Brother society subject follow economy.,32,2024-04-22,2024-09-03,all,4840,active
5c7f2647-a615-452b-b941-0b8c4eb932e2,BWXS34,Science personal age tonight piece bit.,28,2023-04-28,2023-11-23,beauty,3228,expired
88f57a58-fd83-4e0e-8855-f69680be18f5,WNBH12,Last explain their single turn.,50,2023-11-15,2024-07-27,home_goods,280,active
b0083f87-fc2d-47ed-a7fd-db65af1ed873,QIMP90,Task model defense Mrs current capital.,49,2023-12-21,2024-04-09,jewelry,8058,expired
9476bce6-d5fb-4b54-9e36-b594fbf268b5,ZWJW34,Purpose ten must six vote.,34,2024-02-22,2024-08-15,all,1830,active
3a9cfea4-7f0f-405a-9a07-c3fe17a50ed1,VISF40,Become new ever hair.,32,2024-04-25,2024-09-13,books,3135,active
6243067f-175a-4a57-8a49-1768faeaf523,RUAX73,Across hold draw laugh test.,29,2023-11-14,2024-05-25,automotive,1968,active
2892f592-30ea-415c-a6be-d11c663198bb,WETH26,Side simply nearly become learn.,11,2022-07-28,2023-04-06,home_goods,1228,expired
682eb470-589e-4674-94e6-2527d350641d,PBBW04,Real play teach nor capital order.,16,2022-06-21,2023-05-29,food,6732,expired
a86782c6-73ab-4a57-bed5-b7150c492503,JNCA17,Good stop team purpose cold.,5,2024-02-19,2024-09-24,sports,650,active
a5078008-d1d1-4edb-8ada-f7b5906a2360,VPEB68,Red may interview Republican board.,9,2024-03-23,2024-08-15,automotive,9334,active
2f549708-f3ab-4e22-a1fb-cda62268a4fb,EGOZ52,Congress assume simply fill.,47,2022-08-30,2024-01-09,jewelry,6426,expired
26ee2917-3002-4d0d-bcfa-ee0d2496b52f,LQQB26,About risk civil speak that.,44,2023-12-10,2024-07-17,tools,8539,active
92d74f39-f24b-4e92-a90e-649a9fc9a00f,XUCO11,Activity share note decide indeed security.,23,2023-06-15,2023-09-09,sports,1412,expired
ce3dd4c4-3bef-490d-b4ff-e82b037f02a7,MNTO49,Why represent economic cut nearly end week.,45,2023-12-25,2024-04-01,home_goods,799,expired
e024ece3-e82a-4295-9648-b96e1a35cc7b,IYIE80,Color us arm none front material.,44,2022-11-15,2023-08-01,food,7165,expired
264cf47d-9436-49e1-ae43-7c5cd6c30619,NPBS66,Member consider son eat prove.,30,2023-09-07,2023-10-08,all,695,expired
c75daca6-acce-4368-a630-0c4ec8d905ad,FIQK93,True fly among stuff season difficult military.,19,2023-12-16,2024-09-02,all,866,active
168ca686-d2f1-46a6-94d7-43390500fb8c,RUET18,Minute interest water you ever.,31,2024-03-15,2024-09-03,other,7565,active
d96a71ac-5a8b-4704-9612-d065e9165ac8,GEOV80,Commercial industry special arrive.,8,2022-06-11,2023-01-01,beauty,6279,expired
d114eef8-9219-4161-a42c-ccafa44d5489,OMQW70,Tell expect near final.,14,2024-03-17,2024-05-27,books,9167,active
f09744eb-f63d-4e8e-a46b-dcc395b34b1d,CUDO44,Free pressure because.,22,2022-10-28,2023-04-06,all,924,expired
6e459b63-1cc2-446d-805c-73ce63b27493,LPNC01,Skin however wait despite.,46,2023-11-15,2024-02-02,all,7557,expired
d75c54d6-c133-41dc-ac8a-c1752c45bb0b,YAVO67,Speech everyone deal board window seek accept.,20,2024-02-24,2024-05-28,tools,198,active
ffcf964b-4cf0-4992-be0d-4d77ba1077f4,OWBO13,Across onto reveal degree cold kid know.,9,2024-01-12,2024-08-02,jewelry,2391,active
7c065d79-4d3d-46b2-9cb5-8cef733f7193,PSQY55,Present car finish purpose difference every.,6,2024-03-15,2024-09-19,automotive,844,active
5f095c2c-b129-4cb8-ba99-8b59ebc2695d,FZVY80,Common smile color the bag truth.,38,2023-03-31,2023-09-01,toys,7612,expired
00a67860-f9f2-4ffd-a589-9fc23937c5f4,LDFT31,Hour design front apply.,16,2022-06-19,2023-01-30,electronics,8344,expired
54403d62-6ec8-4cf5-a05b-cfe04ad8a9fb,HZEY00,Personal enter whole section visit.,40,2022-07-28,2024-02-10,tools,2370,expired
fba31aa2-33e6-45f1-afff-86895bdab938,ADNX55,Herself police resource because whose beyond.,23,2023-12-27,2024-05-11,apparel,4207,active
502d14fb-63b8-4a4a-9267-b45cbc2516cf,NVFL32,Hope old actually true happy stop think heart.,13,2024-02-04,2024-05-16,toys,4764,active
65de4e3f-6094-47a5-89fe-ba3ec89011dd,ZKTW27,Which space baby suggest today art.,36,2024-01-20,2024-08-10,all,8112,active
fdb20f4b-004e-41cd-b2f0-543cd224d3cf,JZKP88,Reality eat great model officer agent.,44,2024-07-05,2024-08-31,books,8099,scheduled
4a006bc4-5fdd-4955-9e9e-3a163cf13b87,BVKC62,Several own account compare huge seven.,30,2023-11-26,2024-06-23,beauty,8501,active
e5878ca4-968a-4dc2-8e23-1d229388c761,ROYU91,Let hard international meet send reveal share.,44,2023-11-12,2024-09-14,food,4154,active
3c3857c9-b24f-4680-9943-9b459238f0bf,FMCQ60,Senior forget allow information effect.,33,2022-07-24,2023-07-06,beauty,6773,expired
6559017c-6189-439e-91e8-630e1ce67182,RGLF44,Brother visit idea allow well increase.,47,2024-02-17,2024-06-22,all,1402,active
14f0a185-748f-42c8-88f8-30fad028721b,OFAO34,Involve side threat sport those morning treatment.,36,2024-01-16,2024-05-02,toys,3170,active
8aae0ce0-2bb6-4a1a-910a-21998805eaa6,VDUO16,Boy thank what later way.,44,2024-03-26,2024-10-26,apparel,5098,active
22a70b1a-70ac-4b7a-bec0-359c2c2a5754,TVGV00,Would occur car energy people grow voice throughout.,48,2022-12-09,2024-01-17,jewelry,3112,expired
7bedbebd-9cbd-4006-b4b2-e5f06410beda,NZKK02,Second spend product paper find we.,6,2023-06-03,2023-09-14,electronics,2157,expired
f5414f86-1151-4a4f-ac3d-95d1e798e451,KHNB16,Sure daughter Mrs step.,50,2023-12-23,2024-10-01,beauty,3135,active
75372bd1-30e9-4f4e-a4fa-c8aa95d24ed6,MSUP02,Head stage follow require.,6,2023-12-30,2024-08-06,jewelry,7786,active
e9e59e01-d19a-456a-9f71-9a8abeccf20d,BOFY51,Day enter ability computer so loss but.,27,2024-06-27,2024-09-17,beauty,9084,scheduled
d4265874-923f-4489-8027-c4c245600b8b,YUCG25,Include power unit drug.,9,2023-12-20,2024-06-06,tools,7289,active
d2963bf8-984c-46c9-9770-b456ad22cf97,WERO31,Rise hour economy serve.,12,2022-06-30,2023-07-05,books,3923,expired
222a2d9c-8115-487b-bc4a-4ce24728c0b1,IQRO08,Major manage technology.,14,2022-09-11,2023-08-27,all,7461,expired
6c91bddd-70e5-4708-b661-a584a8825398,RUDP95,Let television public environment.,10,2023-11-07,2024-05-14,all,2599,active
423b7935-6b6d-40e7-8015-d7bcee1ac1d6,WORI81,Including way attack firm.,47,2022-11-02,2023-08-03,all,1493,expired
c4442a15-3f4c-4641-bb42-71bd0da7a0b1,PBES46,Treatment audience rise.,36,2024-01-19,2024-06-28,food,1394,active
2d7920f3-c224-4090-ac7e-3524467c5dff,RAOL38,Part accept financial race.,38,2023-08-21,2024-04-22,all,4147,expired
8a822d9e-3151-41fe-80e3-fef00c69eb0c,IIPF66,Myself former interesting seven style most enough.,37,2024-04-09,2024-09-09,electronics,3970,active
8fdf6d88-c5e9-47c3-9976-2baf9a814eff,UAQL29,Protect left space owner beyond culture off.,9,2022-07-02,2023-07-14,jewelry,2784,expired
d355f2d4-27aa-4985-acd6-f438192c4046,RGHT56,Build ask note born relationship information college.,39,2023-01-28,2023-12-17,sports,3012,expired
dab2e4c7-417f-47d6-8662-4fa3166b7be6,PPXM12,Class service beyond visit player step.,9,2023-12-18,2024-01-31,all,3424,expired
fec89114-80f0-489e-a3bb-cca22dffedc8,IMLT29,Society way significant team energy.,15,2023-12-24,2024-06-08,automotive,2628,active
0fa811fe-78ec-4ac3-b451-ef38182fffa4,LMEE59,Plant whom score president create.,31,2022-06-02,2023-07-08,food,8238,expired
e874bbaf-ce31-4186-a8ed-4647eec5e2e9,OELH94,Official dinner under claim.,37,2024-01-15,2024-08-16,all,8660,active
514b7cbf-00ed-4d36-8ec5-ac90ea2de48d,XTWI92,Player situation country go practice do mouth.,26,2024-01-04,2024-03-02,apparel,9529,expired
cf0119bc-0163-4ab5-8a7e-1e446dd07f6c,RCLT31,Tough safe instead magazine.,30,2024-01-24,2024-06-07,sports,4618,active
a1503248-3f0a-4d2c-9194-bb443d52e371,CYMO21,Design significant chance bit collection.,7,2023-01-11,2023-06-06,books,4002,expired
4383d726-2b4d-4b2c-a24a-7a086e3e5d01,YVLK04,Truth own effort within weight size tend break.,33,2022-11-01,2023-02-25,all,643,expired
374ba273-3da6-46c6-8e9d-7bb7e0b86135,PMEV25,Partner nice factor cell.,19,2024-01-02,2024-05-12,all,3586,active
d31f273a-7efa-4245-bafb-788249f2e542,HTGP35,It rock even center.,7,2023-12-31,2024-08-08,all,5503,active
25b89cae-62b8-4a12-bdef-bd88cd3ff86b,VYCZ55,Sort wind us recent.,44,2024-02-17,2024-08-26,beauty,1875,active
abc55a63-e088-42a6-a06e-92fd4ac75dbb,AAPH60,Model computer like why both.,38,2024-04-06,2024-10-27,other,8647,active
88af0a37-e2c3-4e2a-a2db-23070a958a50,YGEA12,Wide else nothing lose.,40,2024-02-04,2024-05-07,beauty,8203,active
9306ae30-1562-42e4-8034-066430d65fc7,XTCG15,Opportunity wish often life.,31,2022-10-10,2023-06-05,sports,9847,expired
cc6fad82-4963-4f6f-a993-3cf0e293b3e2,GLVV10,Seat dark fund article both give.,35,2022-12-22,2023-05-22,sports,1803,expired
94ca2564-df1d-414e-89d7-0813bf579525,VQWX36,Executive feel run month road president.,11,2024-01-18,2024-10-10,food,7956,active
dabc0771-4572-4b43-bfcf-908e3c1b1756,MVBC52,Economy dream opportunity check reality.,18,2023-11-21,2024-07-03,food,198,active
db9189fc-e267-4487-90cd-f9cc8fb6cb4e,VUGR80,Strong son east run vote interesting give buy.,13,2023-12-29,2024-09-30,all,9850,active
91eb08c4-4932-4045-9702-6936c9c330e6,KOJI80,Successful activity heavy television case new white performance.,14,2024-05-01,2024-09-18,food,9677,scheduled
d424690f-2303-487a-aa51-a3456e8c4926,ZMMB75,Collection dinner receive war view.,5,2024-02-29,2024-09-13,toys,5227,active
bc598d95-bba1-4398-b161-82a0c01ee708,TSUC85,Dark end remain any.,14,2022-07-13,2023-08-31,automotive,3295,expired
fe610348-888b-4770-994c-0713baa89f96,TUTN84,Water prepare child available senior experience possible.,7,2023-12-16,2024-07-31,electronics,2506,active
48731ee4-dca0-4311-a101-16931dc18d85,XFAM78,Strategy lose charge policy.,11,2024-02-24,2024-07-23,electronics,5560,active
2627623d-063e-4b60-af7b-d466efe90dbd,GLSJ62,Image air music radio.,35,2024-06-26,2024-12-10,sports,8562,scheduled
0a7d2c79-4adc-46b3-a2f7-01e50975c815,WIJY81,Small factor our financial finally.,10,2023-12-09,2024-08-27,automotive,5559,active
2d00860c-75e8-489b-9641-804788361dfc,SIHR73,Direction bar set decide sometimes.,48,2023-12-08,2024-08-11,beauty,1153,active
e089aef9-a775-4922-a59f-bc471100e170,KRCE27,Resource stand game yard.,18,2023-11-07,2024-10-18,automotive,3396,active
