supplier_id,name,country,contract_start_date,status
441c1d12-6cca-4a3a-95e7-78086d014320,"Rodriguez, Figueroa and Sanchez",US,2018-01-27,active
23492e1f-f2b7-4302-b19f-d2d7234377f7,Doyle Ltd,US,2022-09-28,active
bd4f9f74-f22b-4ff6-a924-5316f60184f7,"Mcclain, Miller and Henderson",US,2021-10-10,active
d69677ff-760b-49b2-b5b9-9c17ced16f52,Davis and Sons,China,2022-01-10,under_review
a3631945-12c9-4ae7-89d2-9a79bc6c0698,"Guzman, Hoffman and Baldwin",Vietnam,2018-06-27,active
3268eb5a-40d7-4b6d-9781-47479313ca13,"Gardner, Robinson and Lawrence",Germany,2022-03-31,active
21768688-eead-4ce8-a714-53fe10453952,Blake and Sons,US,2022-01-21,active
eed6c457-814e-44a5-b4d6-d3f1e17f102b,"Henderson, Ramirez and Lewis",Mexico,2018-07-07,active
20699fb5-8fce-4223-9890-aed550a24243,Garcia-James,India,2018-11-23,under_review
4e39a65f-6a90-4b4f-982a-e1c8ba2c73c7,Abbott-Munoz,Japan,2022-04-06,active
1b684b5d-18ca-4c75-92d2-5ca177706a42,Blair PLC,Vietnam,2022-02-03,active
fb1c4cb1-2a41-45a9-b809-764421de6d78,Dudley Group,China,2020-12-29,active
d6531062-b1f9-401a-b43a-06e1a73ecfa2,Arnold Ltd,Mexico,2018-10-20,active
afcee563-b9c8-4528-8e12-b593e6e2c237,"Mcclure, Ward and Lee",US,2020-09-29,active
ddb31e0c-2bd0-4195-9f9c-e21e6886906d,Williams and Sons,China,2020-06-18,active
3a95e18e-d56c-49ea-b710-eb92e61ead18,Galloway-Wyatt,Italy,2018-08-18,active
b914755c-7b10-4317-a1f4-c13d3f9419c3,James Group,US,2021-07-16,active
37d2a73b-0684-40a2-a789-53112771e443,"Flowers, Martin and Kelly",US,2021-07-12,active
cd80c987-05eb-4b32-8a6b-c66da79e7bc8,"Adams, Zuniga and Wong",Germany,2023-02-23,active
2e6dd141-db27-408b-8177-30827b78b980,"Reid, Ferguson and Sanchez",US,2024-01-17,active
07939d8c-58fb-4a83-a2ca-69c82d1c5858,Gray-Mayo,Vietnam,2022-06-24,active
e39c45e9-920c-418b-894c-cde84102242c,"Watts, Robinson and Nguyen",Canada,2019-07-21,active
9d51be67-8c4e-42c4-96d4-02d0d451e4d9,Perez Inc,US,2018-07-12,under_review
9b1a5101-91db-4511-82d7-494f4ac94152,Morales-Jones,US,2019-10-18,active
09cb2f08-1a02-48f1-9a52-fd70637519ab,"Walter, Edwards and Rios",China,2018-09-18,active
724f5a8a-132f-414a-89d7-42e92ab90e58,Wilkerson-Day,Vietnam,2023-04-02,active
d8209c65-39b3-416b-8503-904fb10f652f,Baker and Sons,Canada,2018-02-17,active
c1e89a8f-0921-4333-a1cd-7c4e913188de,"Hoffman, Baker and Richards",US,2024-01-09,active
007b63b7-705c-4e78-ad77-aca7d2fb2bbd,"Ross, Robinson and Bright",India,2021-10-25,active
6b0980d7-3931-4ea4-b956-eb8c12f8d686,"Snyder, Campos and Callahan",China,2023-02-02,active
746b902c-0d6d-45e7-81d4-10b452616ee9,Burton Ltd,Mexico,2020-12-14,terminated
930d5dab-53b6-493d-9b3b-e0e802b61010,Carlson-Cruz,India,2023-09-11,under_review
d6b7bffc-c268-47b6-ae82-67551a70fdb8,"Ferrell, Rice and Maddox",Japan,2021-05-07,under_review
3969cff6-6e6b-46ea-8947-7cd9eacda8a8,Frazier Inc,Germany,2020-03-25,active
16ec715b-df7e-40aa-95cc-8783b11c94fd,"Dyer, Potter and Mack",India,2024-01-19,terminated
2305d669-96aa-4ce4-b343-6f3517764e48,Rodriguez-Graham,South Korea,2018-01-03,active
0458e804-96d1-4432-937e-21016a925596,Smith-Bowen,Germany,2019-04-04,under_review
2385aaa0-ba7b-44f7-a959-c8acbb834396,"Baker, Mason and White",Japan,2021-06-13,active
31db7a14-f0b9-4054-b9f6-900f7102a342,Harrell LLC,US,2018-11-19,active
18833a59-a62e-4a7e-a4cf-c5f428c2c015,"Romero, Gonzalez and Brooks",Germany,2018-10-11,terminated
8828d60d-b811-46a2-a9ee-05c7b209809c,Ryan PLC,Germany,2019-05-31,active
b16456e3-0abe-4fb5-9829-2e99df74f639,George Group,China,2024-03-01,active
3c5be668-5f96-4ef6-ac62-b6beaff092cd,Rodriguez LLC,Germany,2022-09-30,terminated
d50bd2ba-4861-4c60-bf8b-7032e37d1a50,Allen-Allen,South Korea,2020-04-03,active
ec6786f4-374f-45a1-931c-a64b9132a630,"Arroyo, Miller and Tucker",China,2022-03-10,active
d78091a5-0f0f-45b9-9f03-584a3a9a9794,Spence PLC,Germany,2019-05-11,active
39719bc3-63fe-4cd1-ac5d-54428488dda9,Anderson Group,US,2018-03-28,active
4826389f-70d9-4c5f-995d-9486123cfd05,"Martin, Rose and Obrien",US,2020-06-21,active
81863b58-2c1f-4b84-9bad-884a4e80280c,Hickman Ltd,Mexico,2018-08-30,active
c8ee395c-5afb-4822-9d0d-b92aba550843,"Harris, Collins and Carney",South Korea,2021-09-15,active
f6fb4e39-f4ab-478f-9a2a-bc0a16911934,"Brooks, Lam and Hayes",US,2023-06-12,active
3db5259a-3c60-48e0-96f3-7a63ba9c7727,Walker LLC,US,2023-04-21,active
b965077e-0db6-4dfe-a061-e06adb3f9a81,Chapman and Sons,China,2022-07-26,active
788fa2d8-2424-4b2a-8c21-08ea1703ef62,"Robinson, Jones and Welch",US,2022-11-01,active
1aa39e65-da29-429c-ad47-7ef3c0b8ce63,Jones Inc,China,2018-08-10,active
ab2edd24-4c1a-4bf3-be9a-c7835915818d,Jones-Young,Canada,2019-02-08,active
74cbed2b-cfc8-48a6-99be-051b71e30132,"Washington, Ryan and Cummings",Mexico,2019-03-24,active
f55c17ff-ec67-4c96-9630-e9adbcf8b7eb,"Johnston, Sanchez and Kennedy",US,2023-01-12,active
f27659e2-934e-4e2b-b531-aa163378835d,Lee-Davis,US,2023-03-10,active
f4f3c87c-0085-4cc5-a4d4-494f5b463c1a,Gomez-Jenkins,South Korea,2022-12-21,under_review
b4a32767-4acb-4554-8bec-cf2a9952f7e1,"Brown, Valdez and Lucas",Japan,2019-02-06,active
26b0c317-0b83-417b-ae43-af4a6309a0b2,Powell LLC,Canada,2018-03-02,terminated
762b3e57-62b7-47cf-b46f-a6df54227ab4,Wright and Sons,South Korea,2020-08-26,active
cdf0b52d-fe57-4d1e-9e7b-613db9497ef9,"West, Henderson and Ramirez",Germany,2020-05-25,under_review
e897100e-970c-4a10-95bc-ba3758e2fb22,Baxter Inc,South Korea,2019-11-06,active
191b1f72-ec23-45dd-9fd6-5557f4ae98f4,Morton-Chase,Canada,2020-12-22,under_review
798ed151-bdda-4ce7-987b-a7e345c3165b,Williams PLC,India,2021-03-14,active
4e732ec1-1996-4c3a-b496-94b402d1bd24,Novak and Sons,Canada,2023-06-17,active
3885c298-e702-41bb-96e4-a52baf3580e4,Russell Group,US,2018-08-28,active
c3c2e5d6-0c7f-43f1-bcf8-d080545aa999,Hancock Inc,Germany,2021-07-08,active
72b34a3a-fa85-4c9c-9a18-6dd6ff59a426,Gray Group,Vietnam,2023-08-22,under_review
1db1f743-e06a-42b9-a294-ab6af9dfd863,House-Glover,Germany,2018-08-21,terminated
9eedf86e-9e09-4660-8a85-db75c00929d6,Henderson-Bernard,US,2020-02-01,active
d8a25845-b3fe-4ab2-aa73-cd3224013e6e,"Stanley, Tucker and Lee",US,2020-08-21,active
635f0c72-a04a-4854-ae71-1962f8963d76,Novak PLC,South Korea,2020-10-05,active
50838eba-66e1-4650-98de-02728c973d58,"Daniels, Adkins and Brown",US,2018-12-02,active
de2fdd48-07a3-4e06-8d76-1ff899cc02ea,"Woods, Calhoun and Schmidt",Vietnam,2023-11-12,active
3f7220a9-3aa6-46d4-8eb8-b0e74da0d9bb,Yu Inc,US,2021-07-10,active
5c64ff2a-de1c-4986-8650-884ee4cca248,Jones Inc,China,2021-05-13,active
1f6a4807-a826-4620-b22b-ff38cd2018c8,"Hensley, Powell and David",South Korea,2018-10-25,active
a3234183-78ca-4f2e-8600-b270061ebed5,"Sanchez, Wheeler and Harvey",Vietnam,2019-02-14,active
505d302b-a054-49c6-a42d-a5e56325deb8,Sandoval-Cunningham,US,2020-12-22,active
40b70000-6b5a-4262-9216-513620b499bd,Donovan-Harris,China,2018-10-09,under_review
4b9c5b9c-7005-472b-9aa5-08265a773a43,"Edwards, Baker and Anderson",China,2019-10-09,active
bdbaf7d9-52a2-47fd-8f1c-e88e4fbfacb4,"Evans, Stewart and Walton",Germany,2021-05-24,active
9fcf3bb2-bad7-4e5d-b358-b947bbe56063,Smith PLC,Canada,2023-12-07,active
3292fa78-6bdb-4cef-8084-68bf7fba68a3,"Ferrell, Jones and Lewis",Italy,2021-05-11,under_review
9ff33f31-5558-4d48-93d1-bdc4890fef27,Anderson-Bailey,US,2019-07-05,active
e8f5717e-a2a0-48d6-b795-9093c6509fb5,Suarez LLC,Japan,2019-09-29,active
01ed56d0-debd-47ea-a27f-e01ea9bf88e9,Moore-Bass,Vietnam,2021-11-05,active
01123351-311b-41f9-b6b6-48f07d3a578a,"Turner, Riggs and Roman",Vietnam,2020-12-17,active
52809c0f-6871-40e5-8f5b-b34400fd9e46,"Smith, Montoya and Evans",US,2018-07-28,active
a384bcaa-76a1-463a-be9f-800f6d874853,"Garcia, Humphrey and Baker",China,2021-02-07,active
68142764-c770-4d77-b115-6b52dd57815c,Newton and Sons,China,2019-06-20,active
a86af8ea-e4a9-4a90-8d7a-acd4e73eeed4,Campbell-Clark,US,2022-12-15,active
5f4954eb-bd31-4f74-b3aa-8318715e4a31,Harris-Walters,China,2018-02-09,active
47ac531b-9d2f-47ab-a7b9-6cbd2e15351a,Wagner-King,South Korea,2019-09-03,active
8c9c2624-db98-4ce6-9a06-3fb2b5595239,Davis Group,Italy,2019-08-30,active
71d102e5-ba7c-4a4b-a713-ddc1f4b43893,Williams-Cook,US,2022-02-02,under_review
90137e83-58bd-4065-bff9-585e97faa72f,Walsh LLC,India,2018-06-13,under_review
226f10f6-d77c-44ae-8b50-41e529fd3aae,Figueroa PLC,US,2020-10-19,active
184a2f6d-865f-4a1a-b20f-dd3bc9e1cfba,"Patterson, Smith and Jones",China,2022-07-23,terminated
e9cdf422-702a-4436-8987-14015d5f4165,"Mckee, Gardner and Davenport",India,2020-08-27,under_review
ffa06ef9-ae27-43c7-951e-6fc00153be68,"Tran, Jordan and Williams",Canada,2019-12-27,under_review
898eb839-25bb-42fd-a2c4-326b9bc96966,Nolan-Flynn,US,2021-09-22,active
98837306-3937-4e60-9f3f-9609e70e8441,Nolan and Sons,China,2020-10-13,active
474d5b9a-1e5e-40c5-a138-4dec9d523a57,"Wright, Garcia and Deleon",India,2019-03-19,active
06f7450b-55d3-472c-ae5a-58c673abf08c,Dickson-Brady,US,2023-04-12,active
66a89195-e35d-4a9b-9353-deea7fdf2a7a,Hancock and Sons,Italy,2023-03-01,active
c4c31b75-635c-499b-9756-73e20c9773f1,Johnson-Doyle,Italy,2020-07-21,active
2d69b641-a7dc-4006-9b7d-39627946e270,Patton-Jenkins,Mexico,2022-06-21,active
a2cd0bf8-5c19-45fc-b0c1-94112eb9beea,"Shields, Cochran and Adams",Japan,2021-02-17,active
c7844745-4034-4a00-9e30-777e8ee20012,"Rodriguez, Brennan and Garrison",Germany,2024-01-06,active
3654de40-6d57-432e-82df-da5b1ccc5931,Gonzalez Group,US,2020-12-05,active
7b294c8c-9362-4cca-ba1c-293b69cc7425,Torres-Pope,Canada,2020-12-23,active
c019966f-df77-4100-a083-5b7b6378533e,Walker Ltd,Vietnam,2021-11-16,active
3f87e7d0-07ae-4cae-9fcd-d0e8b9f8e043,Ross LLC,China,2023-09-26,active
47e7285d-3a40-4dcf-a5c2-e5fd754c023e,Rasmussen LLC,Japan,2020-02-18,active
058e4739-ebe2-4e96-8282-f7af249aeea5,May-Ross,Mexico,2018-01-07,active
632da13f-0621-483e-a5f6-263332e10c0d,"Rivera, Johnson and Wiley",Italy,2020-03-18,active
8879e797-77b0-4068-8b93-554e579c08b0,White-Estes,US,2021-09-14,active
a9f92e36-614b-45fe-b153-cf4d9821e0a0,Johnson-Carlson,Mexico,2019-05-26,active
d7eaae2f-7a26-48b7-9002-d064d43c6260,Chandler-Edwards,China,2021-06-20,active
52c8532d-7e84-4a57-ab2c-0dc6b900c78b,"Joyce, Wilson and Lam",China,2021-04-26,active
c38c9b12-cd27-4781-ad95-0b57aaceae5d,Scott Ltd,US,2022-04-02,active
bc8a131b-8401-4ce6-9d8f-a9aaa1d0cf27,Smith-Frost,South Korea,2021-05-17,active
f00a40e4-a6f1-4719-9975-2e660c1bad77,"Mcdaniel, Bentley and Mclaughlin",Italy,2021-05-29,active
dcb24aa9-43c5-4849-b814-490a7ad347c1,Diaz Inc,China,2021-08-12,active
9ac65415-65f2-4734-8220-0a08f8be55f7,"Mccall, Hanson and Alvarado",China,2020-05-25,active
df70d7a0-0638-447b-b12e-56bbee5b4d93,Cortez LLC,India,2019-11-27,active
953f53e3-71d8-4e86-b779-8a1b03a0b501,"Parker, Ortiz and Powell",US,2021-10-04,active
04591df7-6507-429b-80b7-167b43b877c0,Spencer-Lee,Canada,2020-08-20,active
18b6c5fa-423b-4a88-a6f4-b59eb388be3c,"Bentley, Byrd and Orr",US,2020-03-26,active
6ce64ef9-6983-49c1-a9f2-4d9bcfc9f355,"Carroll, Sullivan and Bass",US,2023-05-01,active
44fd0dbe-dd69-4cfc-8869-5e1b37542338,Mitchell-Jordan,India,2023-02-09,active
40010a5b-2f44-4cd5-9b86-ecd937d30584,"Lawson, Morris and Ramos",Vietnam,2020-03-07,active
a0d0eaa1-1ad4-4d6d-8d41-19651197f42d,"Lewis, Kennedy and Santana",China,2022-06-25,active
92eb4a5b-2083-470c-ad4d-23946f3427ee,"Jackson, Miller and Robertson",Vietnam,2018-01-23,under_review
b3c5ad1a-9533-4590-970c-2e8c2094d278,"Harvey, Davis and Crane",Japan,2019-03-13,active
1684b4b8-7011-4dc6-9300-dc660cebc1a8,Chambers and Sons,US,2023-10-23,active
bd003109-aa6b-4abc-a0c2-a8d65e982e72,Hernandez Inc,Germany,2019-05-13,active
4035959f-ea62-4a0f-84ee-53f939f04ec3,Riggs PLC,Italy,2023-12-16,terminated
7fc43ca3-e2ec-4165-9f3a-46b0407b824f,Gibson Ltd,Vietnam,2022-12-18,active
57f88dbf-93c8-4875-8ac6-acab6520c7dd,"Lee, Horton and Snyder",Mexico,2023-08-30,active
240d037a-a34c-4747-92e0-d38af78fde51,Hernandez Ltd,South Korea,2023-01-01,under_review
e5b31276-35f8-4b4b-835d-4bfd62f2c7d4,Stafford Inc,India,2023-04-29,active
44f8146b-7089-4ff8-9c1c-9683c7a785b0,Robinson-Brock,India,2021-02-09,active
89ecac94-7a98-401a-954c-56526051e39c,"Holmes, Williams and Wright",Germany,2020-09-06,active
8e8a669a-e114-4cc6-8121-f08038b8b9fb,Bryant Group,US,2021-03-16,active
d6042d6d-0ba2-4c6f-a9ca-9c9dd45a6194,"Schmidt, Hansen and Stewart",China,2024-01-22,active
230d1014-70cd-44cb-8744-aeef9b699721,Salazar-Ball,US,2022-04-18,active
147aa9cb-f732-412e-a4d2-1933fce53c29,"Simmons, Meadows and Griffin",Mexico,2018-09-21,active
4f9fa4f6-36df-4d0c-a6c1-a3131592573c,Manning Group,China,2023-03-24,active
1acf3f29-9fa0-4adb-8f47-5612a62a1e9c,Green-Wright,US,2022-09-17,active
46049652-8391-4840-bb8a-68978d61424c,"Ramirez, Strickland and Washington",India,2018-03-22,under_review
431a2c1e-8cb7-43f4-ae1d-c46289d23fd4,Hill Inc,India,2022-04-08,active
cf668e0d-b71f-49e9-8459-4332dcd2687a,"Mitchell, Nelson and Flores",South Korea,2021-05-08,active
ae798a34-6b48-4e9e-80a3-c943789ba4d5,"Miller, Hernandez and Reyes",Japan,2022-09-13,active
63168fc9-1ac0-4dda-8abc-73812f673cef,Mccarthy Inc,India,2020-06-22,active
ce323f93-5465-43cc-a0c7-ac8bcf31c864,Russell-Daniels,US,2023-06-13,active
5bebec66-8663-4265-a520-5a67998ccab9,Brown-Wall,China,2022-07-15,active
1ea9c885-8ff8-4c23-83f8-ea56e91930cb,Stein-Silva,Italy,2019-06-07,terminated
a2fbf783-f62d-4b04-8c0b-6007a9abf343,"Smith, Gilmore and Johnston",Germany,2022-06-02,active
a83dd71e-84a7-41b3-b0f6-bae225ce6003,Smith-Bell,Mexico,2018-12-10,active
2d60f6ae-c611-4eb4-90f2-825e6ab60840,Castaneda-Ashley,US,2023-03-07,active
3b50a717-813e-43e6-9a7b-75ce11c487d6,Medina-Navarro,US,2021-09-02,active
ee53d9c5-5086-4f9b-b5ea-fac6b73d0f30,"Hurst, Freeman and Nelson",China,2022-04-02,active
69ed0b94-474a-4a15-aa31-e3f12f63d663,Johnson-Rogers,Canada,2022-09-23,active
6949e8ba-e4ce-43bd-8b61-7f130afb0e47,"Yates, Ramsey and Pittman",US,2018-03-21,active
6363bd8a-c00f-4ff5-9ac1-ba2ea569a2be,Hooper PLC,US,2021-12-04,active
34ebfafd-dcdf-44f0-afe5-87497e2577f4,Meadows PLC,US,2018-06-14,active
26109b9a-20e0-47ca-8fc8-516103b0c9d6,"Alvarado, Miller and Patterson",South Korea,2020-03-27,under_review
b824429a-38c0-48b4-b0c8-66ac3f8d9451,White-Green,Vietnam,2020-09-04,active
3dbf3de3-64bd-4064-95f0-83eec50d6bca,Lewis-Murphy,Mexico,2020-06-11,active
e6441fb8-740d-42dd-b1f3-46c58de02a21,Ramirez-Bean,US,2022-02-19,active
ed2236f9-564f-4a14-9d44-f4b52c9e63c1,King-Miller,Vietnam,2019-04-15,active
451b3e5c-72e0-4b9a-98f8-fffa9eacb901,Curry Inc,US,2021-06-28,active
a4b1a632-5037-4cf9-a4e1-c67fba5ac35b,Walker-Jones,US,2021-07-01,active
26a46bcf-a23a-4224-8a2f-e74ca179895e,"Williams, Johnson and Wright",South Korea,2022-03-18,active
20de3583-ea12-4602-a9f9-7691a135cb3e,Howell and Sons,Mexico,2018-11-08,active
486a3112-4982-4b64-b2e2-4a376d40cceb,Wells Inc,Italy,2020-09-21,active
be3fbbf0-0815-4f00-a9f7-2dccb89961ba,"Gould, Marshall and Scott",India,2019-05-11,active
a3f86db8-ed54-4793-9186-d55375ec360c,Jackson-Lawson,Germany,2018-06-18,active
8c519d54-4cc0-467b-8188-71736e24cdfc,"Higgins, Strickland and Martin",China,2022-02-26,active
f725ae10-35fa-4f23-9043-ab2ebf9c76f7,Rodriguez-Johnson,Vietnam,2018-02-21,under_review
2f640e11-7617-4a04-810b-153733f0496b,Johnston-Odonnell,Italy,2019-03-09,active
54ed4196-717a-454e-bd7d-7ec8a451249a,Sanders-Espinoza,China,2023-02-27,active
4765eff9-33ce-4b08-ad40-353a72a1bdc0,Vargas Ltd,China,2023-11-08,terminated
75f5314c-1c91-4838-9823-af641f76e5ed,Garcia LLC,US,2024-01-14,active
32dd3751-6f28-4f9a-94c0-eee17c65c2ee,"Burke, Martinez and Riggs",China,2021-01-04,active
8eb6c0fb-8797-4ead-859e-d62d8a68a0b2,Reed Group,US,2018-12-21,active
5ca3ed4d-8eb0-4086-b054-cd7df0a8a0dc,"Wood, Hunter and Peterson",China,2023-03-19,active
0f3fb6d3-4fd4-4f03-8b48-06df6ae47d99,Short-Garcia,Mexico,2021-10-09,active
d3802eb0-add1-49a4-8977-b52bc5802964,Reid-Poole,Japan,2020-01-15,active
7c777ea7-d57f-4ab3-a2f4-a9f49e295c52,"Hernandez, Thompson and Boyd",China,2020-11-24,active
f4f455ce-ec1d-49b3-b2ba-87f62a0d2135,"Nelson, Morton and Medina",Japan,2021-02-05,active
c9c10a67-2e58-46a4-88e3-f8f059d7e201,Marshall-Petersen,Germany,2020-02-22,active
49fc1f23-52aa-466d-a19d-721e5f515f2c,"Adams, Christian and Rivas",Mexico,2023-06-25,active
8660889f-df15-4dab-a384-2201329e475b,Ramirez Group,US,2023-05-05,active
24ff59ec-917d-4f57-8433-edae876cf3ad,Christensen PLC,Germany,2018-03-12,active
e0617722-f497-4630-b116-c5885bddf0dd,"Barnett, Rogers and Snyder",US,2020-09-23,active
e9dc5b68-2a40-4077-9b26-ad793d6a233a,White-Lewis,Vietnam,2023-04-23,active
19893730-ed93-4454-bce9-9b97d6d06172,Peterson-Beard,China,2021-09-16,active
e4447d10-18f6-4dc2-a52d-3cbc684cd714,"Beard, Peters and Black",China,2021-06-09,active
8bc10c62-8b60-436b-bf5e-37d69c560a5f,Miller Ltd,US,2020-02-28,active
722ffc6f-8657-4203-b2c4-d6eb35607780,Freeman-Chang,India,2020-01-29,active
b20bc66d-50c3-40ec-92cb-f118f7e84f6d,"Alvarez, Joseph and West",India,2021-02-06,active
3c691449-edfc-4ddb-802c-2d057337588b,Davis and Sons,Canada,2023-11-19,active
60c16c8e-a6e1-44d9-bfcc-8ecd7b1b33a4,Holt-Torres,Canada,2020-03-06,active
9c2cdd7e-2831-4cce-87f6-a815f44e202b,"Wood, Tran and Cooper",China,2021-05-23,active
32b62e11-9e82-4bbb-a165-1a633518f65c,"Pierce, Bell and Chavez",Germany,2021-01-28,active
4e4a288b-1ea3-4374-b09a-f2b1cb84897d,King-Martinez,US,2021-04-11,active
696bf143-9bbe-4cdd-a7f2-5cad137aec8d,Stewart Ltd,US,2023-07-04,active
51bc4893-3cfd-4a4d-9e44-3d758b89ac22,"Tapia, Vaughn and Lee",US,2021-03-10,active
4ea862d8-5010-4a66-aff2-788dad5fe1bb,"Washington, Hardy and Bray",China,2020-01-26,terminated
eb66c28d-7d06-4193-8bc7-2ae6ba0c25b9,"Carlson, Hooper and Wall",US,2023-05-11,active
558615bf-b556-44df-a52d-258e91d5f403,Perez-White,US,2023-07-08,active
5165df67-a297-46ef-8bfa-19b94938a5d0,Erickson and Sons,Vietnam,2018-08-08,active
b6cc443e-898b-41be-8e84-32f51d69fa4e,Williams-Brown,Italy,2021-05-29,active
087178d6-6d02-436e-9a7a-9ac806e84be9,Terry-Martinez,US,2022-09-01,active
6f723da1-1611-47e5-a3f5-4deb02b66374,Garcia-Smith,India,2020-07-13,active
97f0e92b-9688-4e82-8e8a-2d8ad011cdc8,Harrison-Alexander,China,2022-12-19,active
b634d986-f667-4356-8261-aa95d0c5d96c,Sheppard LLC,Vietnam,2022-10-23,active
3aafd32c-ecfa-4372-804e-3608befb43a1,Wilson-Jones,Vietnam,2019-02-11,under_review
cdd07a85-c76d-4f0b-b2ac-d39792d139cb,Jones-Soto,US,2020-05-14,active
381fb90c-7fc1-40ba-9ac7-80f79d0c5a71,Hernandez PLC,US,2020-09-09,active
5d513df4-1824-4652-abfd-95295cb59f1d,Miller-Wright,US,2018-01-11,active
61d05488-2041-4618-922e-4b3664ea9933,"Duran, Obrien and Gibbs",Mexico,2023-04-09,active
75f98436-33f8-4dd2-80e0-01e8429f14bd,Rowe Group,US,2021-03-04,active
721df94d-d891-4976-a699-baaa8a25ca13,Kerr-Evans,China,2020-08-14,under_review
240ac366-00d6-4bb8-8e78-ecf106f3a7d1,"Branch, Torres and Oliver",India,2020-03-21,active
e517b7eb-ccef-4488-9c13-cc662ad143ba,"Choi, Garcia and Farmer",Germany,2019-09-03,under_review
fb38c946-244c-4d79-9944-993a190339ed,"Clark, Guerrero and Moore",Italy,2018-10-20,active
999303a0-e02a-4d46-9794-faa4c3507ed3,Arnold and Sons,India,2021-03-28,active
5fa75ee1-d149-43a8-9704-7b48c74dd77e,Ortiz Ltd,China,2021-05-30,active
596f643f-0736-40df-b7fb-c4843292ce8c,"Harrison, Johnson and Roberts",South Korea,2023-08-12,active
2e586b84-787a-49fe-b054-0248241ec45c,Warner-Gibson,China,2018-06-13,under_review
626fd770-7b7c-4cab-9c19-8c4cb024cc74,"Hall, Baker and Moody",India,2020-10-22,active
a9c50aa1-0c28-4e27-a874-7b7f09449c0c,"Guerrero, Peck and Coleman",US,2018-03-26,terminated
0a838b7a-7515-46f0-9b41-36911c8cdd36,"Walker, Hernandez and Baker",Mexico,2021-01-08,active
ab8440e0-75eb-4077-9469-40932b1a1abb,Jones and Sons,India,2019-12-19,active
f6a0a54c-66a4-480f-9f19-5e01d8abd326,Larson-Holloway,Vietnam,2021-02-13,active
3a6787bf-da02-49a1-9665-86754c52bd83,Gonzales-Harrison,Vietnam,2023-07-08,terminated
9289ec3c-85c3-4d34-936f-6b2db1124fe9,Lyons-Bender,China,2022-07-31,active
9af556e5-42b3-461c-bbbc-482e89db0a76,"Fernandez, Kim and George",Mexico,2019-10-21,active
ffb453ae-fb1d-4c4f-a5b4-240b2d108f85,Navarro-Munoz,Mexico,2021-03-26,active
02d164c9-4645-42a0-af31-6b8c344be2c6,Davis Ltd,China,2018-05-31,active
e206b4f0-0997-4076-9cf2-7e8ec17b60a6,"Matthews, Smith and Hubbard",China,2021-08-17,active
957a0b89-4c97-4a3c-9f00-ef838d6c2230,Johnston-Hines,India,2023-10-09,under_review
00ab7b5b-0fa1-4a51-bb21-a8a69a018102,Ruiz Ltd,US,2024-02-01,active
1a79f511-d762-468c-81fb-29d81584db4a,Moon-White,US,2023-10-25,active
09429d44-837c-4796-98ff-b96f86094b50,"Graham, Olsen and Costa",India,2022-12-16,active
31bb60aa-da9a-4576-8ca7-2979aa68e404,Bailey-Cook,US,2024-02-28,active
1df0056e-1b52-424b-90a4-c23658a7cea6,"Garcia, Martin and Jenkins",US,2023-06-09,active
9f345601-bd41-43a8-88f4-23e010905328,Roberts-Landry,Canada,2020-09-07,active
834a3d5f-4e98-47bd-b55e-cc869be98a5a,"Johnson, Miller and King",China,2018-02-26,active
11edd7cc-35a4-450a-b838-08e920c0b3e1,Cordova Group,US,2019-04-10,active
0eb2dbd7-3fa6-4121-b03a-dec2e0079763,"Bryan, Smith and Booth",US,2019-09-23,active
e1ef5f99-cb85-4495-86dc-2e44d272d5e3,Gutierrez-Lopez,Mexico,2023-09-16,active
b6f351c6-7ea4-422a-a243-e5ac6a9f4812,Dean-Jimenez,China,2023-05-31,terminated
c62d163d-6d4b-460c-ab9d-3fe8c818b317,Wolf-Harris,US,2019-08-16,active
bcb4d894-e9fe-4493-87b6-9e53b659418a,"Anderson, Roberts and Gilmore",South Korea,2023-09-13,active
0f3ffbe2-38fd-409f-b1dd-9b257763daa4,Martinez-Dudley,US,2018-10-13,active
63c2702a-606e-4ad8-9a40-5483847b2a9b,"Lloyd, Mckinney and Collins",India,2022-08-27,active
e7467952-6dad-4837-9ea6-0183bfcae6a2,Tran Inc,India,2020-12-30,under_review
372e9b26-a893-456a-9d9b-d7c5722bab30,Gay Inc,US,2021-05-07,under_review
41858f47-9180-41d5-a99a-022b2fc6d9e6,Valentine-Holland,Germany,2023-06-29,under_review
4f2e87a2-3d97-440a-bd57-8bafcb853dc3,Jimenez Ltd,China,2023-06-07,active
90854eb8-8da1-4a87-9441-85a155169b59,Hicks-Hill,Germany,2024-02-04,active
d116e862-ad05-4a97-a8a0-ef8ec76ac3cf,Baird-Sanchez,South Korea,2020-02-12,terminated
ad595508-90b2-4a64-8b82-e9dab42b038b,"Thomas, Lee and Greene",US,2022-04-18,active
953c2ba5-a251-4c70-8bd5-8accb537f134,"Suarez, Shields and Hill",India,2018-06-28,active
29990449-6d16-4665-b1a6-a60b435bc412,Morgan-French,China,2022-04-11,active
5c90eb75-59fc-4e98-a2fe-137c55b6e3b4,Hoover-Campbell,Mexico,2019-09-16,active
0eacbcea-ebdd-4efe-85c3-4ef02fb4589f,Monroe-Carpenter,US,2023-08-20,terminated
16d410bf-4ce4-4bae-aaa2-267f45ab9a06,"Burns, Hernandez and Ryan",China,2019-02-16,under_review
d2968c69-6e23-4f72-9be1-00c71fdbb92a,Cook-Hines,China,2023-11-25,under_review
d4745ace-6576-4755-ac8f-7f2d4b75e1c5,Gibson-Morris,US,2019-08-14,active
eb777b9a-a078-4558-a391-ac72c61e4a34,Pollard and Sons,Vietnam,2019-09-25,active
f45476a0-036c-4ad0-b6ae-fbb7e7acee62,"Reyes, Chase and Jenkins",India,2020-12-21,active
92834350-8b34-47d6-8386-091b07fedad8,Garner-Thornton,Mexico,2018-11-25,under_review
295db67c-a1c2-4c90-954a-b77e5f0976d2,Hughes-Alvarado,Japan,2023-12-26,active
f45e2890-a606-4d4a-b364-d1f7e2c948ac,"Pollard, Simpson and Johnson",China,2023-06-22,under_review
d01dd2d1-9ca4-4830-ae98-548a6e999dac,"Sanford, Rivera and Garcia",US,2018-10-08,active
54c4c20a-7da3-4329-a860-6e0e46fd9aef,Garcia-Lozano,Mexico,2021-03-23,terminated
6e161672-8f9a-4bbe-a3bc-19b96c92a1b9,Bowen Group,India,2022-11-13,terminated
dc5158ef-37d5-428c-a03a-4c95c0bcad87,"Booker, Jones and Harrington",India,2019-02-16,active
e6aec3ab-ae96-4b1e-b410-2a6b67308dc7,Morgan-Schwartz,Mexico,2018-04-29,active
5a6ecfb1-80f4-4e6e-8872-11d1378542f8,"Miller, Murphy and Craig",India,2021-04-16,active
1d375ba9-f3d7-4223-87cf-1341a2868121,"James, Stewart and Higgins",China,2020-09-27,active
5ea056fa-edfe-4182-978e-06645a3584ca,Brennan-Johnson,Germany,2020-01-08,active
c4a56726-45e9-4ab3-ac5b-948f07b2ca9e,Young Ltd,US,2022-04-16,active
3e75c13f-2ed2-4148-aee5-8ea0176e2809,Bright-Francis,US,2019-08-10,active
395dec47-9e25-456f-a0db-ed828b5f3ec4,Good-Hodges,Vietnam,2023-02-26,active
712362d3-ac4e-42ae-ab2c-784e3c34d10d,"Brennan, Wallace and Benson",US,2023-03-21,under_review
e8b00e48-0036-4318-a4ef-078975c4a90c,Williams Inc,Mexico,2019-10-10,active
327caf34-4ff2-4faf-ace2-b07fa09a0c1c,Howard-Jordan,South Korea,2021-05-10,active
86d3dff1-96a5-4a52-9e7a-901157e1c713,Schmidt PLC,China,2020-10-21,active
375a4276-fbcc-4ddc-8a09-9ad2ba033eca,"Sparks, Jackson and Miller",China,2022-04-25,under_review
bd4afc89-f0ee-417c-93d0-8697bb312791,Harvey-Allen,US,2022-04-12,active
4bf92c80-ee8e-4daa-a7cf-45ec801284bb,"Thomas, Murray and King",Germany,2021-04-24,active
f52163eb-bb3d-4e24-a526-fcd026057575,Estrada-Nolan,Italy,2022-06-10,active
7f7b039c-caf2-4352-a577-eb113b8ffb0e,Santana-Byrd,Germany,2018-07-20,under_review
4c440a4b-21ab-40c9-b702-95d99ac61d98,Jones LLC,India,2021-03-18,active
60ff6440-25f2-4103-a429-2e910f265da8,"Evans, Hayden and Vaughn",US,2021-12-14,active
f39a9bd0-2e67-403b-aaac-57b25b4ef43e,Bruce-Gonzalez,US,2020-10-23,active
3e4a59f9-279d-47a3-9b8c-de2f9a63e4e2,Castaneda-Rodriguez,Mexico,2019-07-15,active
74fbf4f1-5c5d-4add-be8b-18be276bb3b5,Armstrong-Andrews,South Korea,2018-06-11,active
aa9d413e-443d-4e2d-9548-06a4ba2df1cd,"Phillips, Spence and Barrett",China,2022-02-03,active
6ff403eb-f016-407c-9b2b-0fe520a104ff,Smith-Grimes,US,2021-04-23,active
d1eaba96-e827-4b01-9e3a-98092472acaa,"Beltran, Lozano and Mcgee",China,2020-04-02,active
c4208df2-25f2-4353-9d8d-38c29d18c021,Parsons-Hall,Germany,2022-02-07,active
043b1719-8f6f-4119-88cd-c3318a78d7ea,Robinson-Lee,South Korea,2019-11-05,active
ffb5cf64-1572-4c1c-8d55-582aa6ab3fef,Byrd-Le,Italy,2023-05-28,terminated
18589c9f-1555-4097-bd32-3c864e623551,"Becker, Taylor and Davis",US,2021-10-19,under_review
231e2bf9-e720-4ff0-97be-ef70c510044d,"Lucas, Parker and Alexander",China,2018-11-05,active
45c68f03-154e-4892-b507-7148deb10494,"Diaz, Anderson and Browning",Canada,2022-06-16,terminated
57076f5c-7860-4432-b941-c05231024af0,Burgess-Thompson,Italy,2022-02-07,active
4285fb76-f2b9-42a6-8fb7-ac9b95f08a2c,Buchanan LLC,China,2020-12-19,active
bd8c640b-6e09-4f19-94d9-20233d881ee0,"Shaw, Nelson and Martin",China,2020-12-09,active
59e658af-c8e9-487c-84e7-7e0d46642833,Coffey-Phillips,Italy,2022-03-02,active
87f93a63-1422-4a25-a5d8-2ad238a94945,Brock-Mcdonald,US,2018-04-13,active
997a0ca0-d7dc-416b-8bee-44afc4937fee,Taylor and Sons,South Korea,2021-09-05,under_review
84704836-9abe-4f33-a107-0b475b11c462,"Ramsey, Whitney and Coffey",US,2018-09-16,active
c891ce34-0be7-482e-a10a-42d234fcbd75,"Diaz, Gibbs and Smith",China,2021-05-22,active
1ba1bc47-e875-405b-822f-f63591301714,"Martinez, Richardson and Curry",US,2018-07-05,under_review
9c7c2da4-9934-49b7-a1f8-c260a4ab7c07,Richards-Carson,China,2023-07-11,active
1987e944-6c35-4172-9a76-887949da88dc,Rodriguez-Hall,US,2024-01-11,active
b0800a71-dc07-4234-be29-9db679fec976,Harvey PLC,China,2024-01-22,active
1ff29c23-418c-443d-82f5-f6baee65bd71,Herman-Walker,India,2019-09-25,under_review
a096089b-2a4e-4b60-9c81-311f8ebead95,Reid Group,Vietnam,2023-06-28,active
07c5eb14-2332-4aba-806b-6b32edeede72,"Turner, Ortiz and Taylor",South Korea,2021-02-19,active
90011b19-d0b0-49b7-8025-57d7dc9ff560,Torres Group,China,2022-12-22,active
65485bad-1f3b-40e6-b754-3061ab3dafd4,Davis PLC,US,2022-01-25,active
8126c109-fc19-4102-ba14-5276e665226b,Price LLC,Mexico,2024-02-09,under_review
be8360cd-6bf2-419a-a689-9f9ba38a4ee6,"Avery, Horton and Fernandez",Vietnam,2018-09-06,active
724c5f02-e9e4-441b-972d-5cf3b450afe9,"Newton, Moore and Perry",US,2019-05-16,under_review
a15767e4-428a-4dd1-954a-9b240189be98,Bass PLC,Italy,2019-01-11,active
aca2df28-b341-482e-a01f-a8d36a157316,Crosby-Ramirez,Vietnam,2018-03-29,active
45bc92fe-3886-4575-abeb-d9c3b26e61f9,"Wood, Ramos and Sampson",China,2019-05-31,active
ce99a826-c66c-458b-b70b-98c69b19e291,Garcia-Jennings,US,2020-04-28,active
5a4acc15-dad3-4c45-a097-4c73baab1dd1,"Winters, Newman and Brown",Italy,2020-08-12,active
b66dcec7-3e5f-4a13-a609-6d9c1bc85484,Lopez-Martinez,US,2018-01-12,active
31c4e279-c663-49b1-82a1-ecad23fa2199,Davis-Lewis,Canada,2019-06-17,active
d2509043-baec-4592-902d-94083624c6eb,"Harper, Smith and Buchanan",India,2019-03-27,active
7582d92e-bbf1-4782-bcf8-b8a3459d2b24,Zhang PLC,US,2018-03-02,active
2f8327b5-4a35-4a53-bee2-65847af98c0e,Jones PLC,India,2021-08-19,active
58d8f798-354a-4a6d-9e2d-2add5e4c8e79,Willis and Sons,US,2019-06-04,active
c89c43e5-3a5f-49bb-ae1e-f2674e67a93c,Schroeder-Kramer,Germany,2018-09-18,active
f887f396-6386-403b-9df1-3a17dd84b7ef,"Smith, Garrison and Thomas",India,2023-10-04,active
e7560e50-0e96-47db-b1e1-17184c5b4d19,Fernandez and Sons,China,2020-06-26,under_review
47fa32c9-d2ec-4840-aa85-54e350bb7010,Guerrero Inc,US,2023-11-06,active
232dc20a-82f2-440f-bf63-c1d4e04116ff,Smith and Sons,Vietnam,2018-05-08,active
a2c1266c-6c2a-4af6-8844-ff4d2ea89114,"Morris, Thompson and Williams",China,2022-07-04,active
da02eda4-a7f3-4f9e-b116-340204c385f5,"Fisher, Wilson and Brown",US,2022-12-22,active
794854aa-3cf1-4b7d-8e75-ba8453bbbd24,Strickland-Palmer,US,2019-08-31,active
8bcb6c6a-6694-42d4-b339-b26745e51e20,Hayes and Sons,US,2024-02-25,active
ea3846d1-e119-43a1-9cea-54e403ebf1e4,"Williams, Logan and Camacho",China,2023-12-14,active
c7d1393c-3fe1-4afd-981f-76eb352bffa2,"Turner, Schneider and Johnson",Germany,2022-10-29,active
cab6e8e4-a719-4aef-9a27-abacd707132e,Boone-Simmons,Mexico,2020-05-30,active
a56b28b9-c9f2-43fd-a9c3-bfb27bfd3460,Henry Group,Japan,2022-08-22,active
671723d2-bcd1-4eeb-9317-3c4cc04cf9ad,Lam LLC,China,2022-08-31,active
83686392-b948-4bc7-86bd-29266c1e4942,"Hernandez, Martinez and Weber",China,2021-07-04,active
6b9451de-4b13-4cd7-b35c-b423e39f770d,"Kelley, Nguyen and Vang",China,2019-09-18,active
ef2bf8cd-6670-4d3e-abd4-8e8579c5f5ca,"Phillips, Wagner and Jordan",China,2019-01-09,under_review
f269454e-246f-4a4a-8db6-4cac65662cb5,"Wilson, Pena and Rich",US,2019-01-31,active
47528f41-9869-48b8-9948-0b064b9a7af7,"Le, Lewis and Hayes",China,2019-06-17,active
bc7c95ee-028b-4aed-aae5-600dd56c63f9,Gutierrez Group,Vietnam,2021-09-12,active
044c8d12-fcac-4593-8e0f-fdf4e44b5306,Perry-Davis,China,2022-09-29,under_review
35df1965-ffe6-4ab5-96a3-f15c513815e6,Edwards-Scott,Mexico,2021-03-24,active
280d8708-e7fa-4a6f-9482-f702815ffc5f,Mcdaniel Group,China,2023-09-10,active
8a417aaf-93bd-4e68-b4ff-2af934c186fa,Davis Inc,Vietnam,2020-07-07,under_review
2e11c2aa-c684-4e52-9ca8-cbe1da2bf7b0,Reynolds Ltd,China,2022-02-14,active
3f7d166d-8ef6-47b1-8013-12ba8c1c98b2,"Watson, Anderson and Brown",US,2020-07-15,under_review
04629ddd-8a94-44af-9edb-f70628b13019,"Hoffman, Santiago and Jenkins",Italy,2018-04-18,active
6957b34c-c575-4038-ac76-7d441aaddc2f,"Pugh, Henderson and Moon",Vietnam,2020-12-31,active
4bf278d2-eb5e-48ae-805d-390b08f9ca2e,Schmitt PLC,US,2021-06-19,under_review
235bfbe4-2782-4079-8067-6d4e61e436ae,Bell-Lane,China,2020-01-14,under_review
dc3f2a9d-04e2-4f2d-b46e-11d8a24396b8,Moore Group,Germany,2022-06-30,active
2ab521da-84af-49b0-9c54-a29ca6add054,Boone LLC,India,2018-05-06,active
88c7a176-01b9-4e61-89ae-a6fff81be333,"Richardson, Farmer and Andrews",Germany,2022-03-21,active
02635853-17ad-4428-827d-4f1c5ee8cd59,Bruce-Villegas,China,2022-02-24,active
4059f2d4-0cfd-42b8-befc-29226edab14c,"Austin, Day and Johnson",China,2018-12-14,under_review
e197e77b-9f19-4e77-b928-9a3d9a2980a6,"Gallegos, Adams and White",US,2018-07-23,active
07d308e1-01e9-41a3-83fb-7a059364645d,"Farmer, Dorsey and Bell",US,2022-10-03,active
c917f692-31ea-4fbd-8617-0927898f0c45,Kane PLC,China,2021-01-23,active
719c4582-a1eb-46d1-b0d5-668549009b15,"Morales, Thomas and Schultz",Germany,2021-11-14,active
307dfadc-43c7-419b-92ae-7fe460a3ad61,Davis PLC,US,2023-06-17,active
643b2536-272a-4a95-baa0-ddc14ef013bd,Bennett Group,China,2020-06-22,active
21c84d47-098e-4a98-9149-8190c943c0f8,Moore-Collins,Vietnam,2018-02-01,active
0bdc2112-5bb9-45b1-9427-1b6fce868e6a,Frank-Bradley,South Korea,2019-07-17,active
26a43a25-1e3f-46f0-8e07-b376ebbb75b9,Ware and Sons,US,2019-05-07,active
4ccdbb2f-68e2-481a-93b9-1a0a0c00e913,Webster Inc,India,2019-12-21,active
22c3e61a-0ab5-4da9-ab19-7b9df42371e7,"Miller, Ramos and Coleman",Germany,2020-07-31,active
041d78c7-dc55-4876-9684-a5ec04815680,"Ramos, Nelson and Fischer",Italy,2021-12-21,active
bd43a43e-78c8-4509-84a0-b80614dd4974,Reed Inc,Japan,2018-06-23,active
5d25e056-e6e0-4e02-92b4-2af8643c4656,Gregory-Watkins,China,2018-11-15,under_review
de705c48-cf73-4264-8e09-3d4584533ab9,"Estrada, Williams and Foster",Germany,2022-07-15,active
88143558-783a-4649-ac4b-2a9a268e47be,"Brown, Harris and Dougherty",China,2019-04-17,active
3eb36f8f-9d36-43ea-b1ea-c1d1eb315f1c,Duran LLC,Canada,2019-12-05,under_review
8708e175-022f-4a49-b24d-6b9799b8a609,Wilson-Jimenez,Vietnam,2022-01-22,active
f111c621-c68a-4975-a43f-fb15847e79b9,Thompson-James,Italy,2020-09-23,active
8c80a333-c66a-4f4b-a799-b43fd3fb5c50,"Hall, Hansen and Barnett",China,2018-11-19,active
e46eeeeb-763a-44ff-8096-7d7d2d792a72,Jones-Hensley,China,2021-10-22,active
c5cf463c-8e77-427b-b1a3-e1a5ea8597a8,Graham Group,India,2018-11-09,active
e1ff47dd-d9f9-4845-a80e-6843bc3c92f2,Atkins PLC,US,2023-09-20,active
f810981f-77d6-4079-b16d-3e1aeab6d5e0,Berry-Mckinney,India,2021-12-09,active
f732038a-ca12-4efd-9465-72754e701d51,Roberts-Sullivan,Italy,2019-08-28,active
f15c0d56-0b64-47b5-a601-affdf03e601a,Jackson-Meza,US,2020-03-19,active
4f879f92-2a14-44fc-a189-bc192fea3a76,Collier-Gillespie,US,2018-11-05,active
bb593ee1-cf0d-44a8-93eb-8d0013fd8d9a,Kim Inc,India,2023-07-17,active
75dddb04-6b09-43ff-a3ab-f609ae42a571,Graham Group,Germany,2023-01-13,active
77691be4-0d29-4887-bafb-183ef31b6bd7,"Miller, Harrell and Reese",Japan,2021-08-16,under_review
ee32f46a-690a-41c8-8a00-509b4463ca22,Cook and Sons,Vietnam,2019-09-11,active
3be18f7c-f79b-4ffa-b19f-b55e7f7fffc6,Dixon Inc,China,2021-05-25,active
b219d61d-4d09-4761-a665-7f649319a8db,"Hicks, Bullock and Bailey",Vietnam,2021-12-12,active
0252828c-cec9-4592-90b9-2c83a9e63fd0,"Mullen, Brewer and Hernandez",China,2023-01-26,active
1383bcc7-2abb-472f-ac93-819aa8179e3d,Thomas and Sons,China,2021-03-21,active
01416e8e-263d-493f-8d43-f6e3278a8af5,Morrison Ltd,Japan,2019-01-05,active
41de4ef0-534d-4d07-a4f1-76901dc4abf5,Thompson Ltd,Germany,2023-03-11,active
5ad6aa40-97bb-4450-a93d-9208005865c3,Marshall-Elliott,Canada,2018-06-18,active
0a29f809-e58f-4e99-a290-98bbec700a57,"Cole, Glass and Cunningham",Italy,2020-02-11,active
ac2294a9-924b-4666-970c-58560e96e6ec,"Downs, Morris and Maddox",China,2019-09-10,terminated
c0c3668f-42de-482f-80d8-8661b67d7579,Hernandez-Jones,China,2021-11-07,terminated
ea9677a2-c93e-40f5-8d99-c8eee3c000ed,Welch-Hogan,US,2019-12-08,active
7f5c7fac-8491-4007-b7f0-eed460529153,"Brown, Romero and Collins",Mexico,2022-12-05,active
baf679d2-1753-4936-b20a-ead55ce8325a,Johnson-Wood,Vietnam,2022-01-30,active
fde6eeb0-7d12-47b4-ad38-ec7273dd2ce3,Jones-Lin,US,2022-08-02,active
264c05ba-cc2a-462c-85bf-0d61232daed9,Gilbert PLC,Mexico,2018-08-03,active
a37e8a4c-3743-4bc5-b677-1b96f4cee855,Ford-Spencer,Vietnam,2018-09-27,active
4cae13e7-3370-46f6-ac07-4d70b6583dda,"Huang, Cole and Pacheco",Germany,2022-05-03,active
a284f38a-252b-4cc7-ae7f-b698c2e5f62a,"Lopez, Jacobs and Mason",Mexico,2019-09-08,active
d352ac13-ee66-4024-8da4-b0cbac9a0a47,Hayes LLC,Vietnam,2019-08-03,under_review
acc273b5-708b-465d-b564-c25f30eb67b4,"Miller, Lucas and Williams",China,2022-05-25,active
0d77dbc3-bd47-45d1-b308-bad6b724c405,"Kim, Gonzales and Mills",Mexico,2018-12-14,active
d03d08d3-9fe9-4bc6-aff3-4b65ce3b62e0,Cox LLC,China,2021-09-07,under_review
6c024c65-d7ba-465c-aa0b-8aa18d8191e9,Ortiz-Morgan,Mexico,2023-11-27,active
690b4c51-c705-40a8-835d-91979a609832,"Williams, Mccoy and Cook",Mexico,2023-09-14,active
0123150c-6523-4c80-b73a-0a175841d541,Davis-Gregory,China,2020-01-09,terminated
4e87da6e-72ad-412e-9c1c-d909586c54c6,King-York,China,2023-06-15,active
8f3c61bd-4fa3-45b1-b866-0b944a7cc3a0,"Marks, Cook and Aguilar",Canada,2019-09-27,active
ad528628-2a44-4e13-aa0d-efa7adf4a606,Rangel LLC,Italy,2019-02-19,active
cc4f7951-e819-43b2-b040-3dcce596ba8e,"Hale, Myers and Larson",Germany,2023-11-27,active
daa4db56-03e9-40b1-9071-704957eee699,Collins Group,China,2019-06-21,active
a2de2287-23a8-477a-9fbd-843074eb4c20,"Conner, Li and Santiago",US,2020-01-11,under_review
4e05780c-dbea-4f08-a96d-07624578b098,"Osborn, Gaines and Davis",India,2019-11-10,active
662025a2-80b6-403b-be3c-cf66d50eff24,"Henderson, Cox and Cox",US,2022-02-01,active
3817f1b7-d37d-4a22-a566-336c6313daea,Bean LLC,US,2022-12-25,active
d3f2e34e-0d7a-42dc-9de1-87615bef5102,Lee-Cooke,India,2023-01-13,active
07ea0e8a-286e-47c0-92ff-f492a569f676,Jones Inc,US,2023-04-06,under_review
7537d57c-2df4-4096-86c1-11c7bb127fe8,"Wise, Conley and Stephenson",US,2022-12-10,active
65626cf1-2b4c-43c3-ae5f-1ee094ba985e,Stanley PLC,US,2022-04-14,active
32e32dbc-4afb-441d-8afe-398b9b7c0b5a,Harper and Sons,China,2019-10-26,under_review
cc276d32-51c6-4e19-8da1-8dfc3a74072c,White Ltd,Italy,2019-07-21,under_review
9edd74c4-2374-4198-8b8f-1296bf4bc6bf,"Lamb, Martin and Kim",US,2023-05-23,under_review
d6b23fc7-09bd-4c5e-b587-9be52bc6b660,Diaz-Ball,Germany,2019-02-25,active
857d5ddd-b181-4036-a1af-8403d84adcd8,Bishop-Goodwin,Germany,2019-05-26,active
c5fc6dc1-db09-42e2-863d-5a5551b611c9,Young-Allen,India,2021-01-22,active
a380ded2-162f-4822-88b5-12d12343d2bb,Mckee-Lee,Germany,2022-11-27,active
e4b4d28f-5975-4094-9681-6dec1b92a13d,"Valentine, Joyce and Murray",South Korea,2023-01-22,under_review
22b35888-8345-4897-9dcd-fbd634921691,Strickland-Shaw,South Korea,2022-08-27,active
a9919f83-7e43-49c1-8c40-770f8648a162,Burch-Montoya,Germany,2020-08-23,active
0db2247a-9dcb-4242-b55a-14348190ee43,"Taylor, Wright and Davidson",US,2020-07-08,active
e1f81a8f-fcd9-4a8b-96f2-c9853245eaa7,Spencer-Garcia,South Korea,2021-10-05,active
0d051bfb-41a4-46ca-9869-5ff0b606404c,"Rosales, Mitchell and Hines",US,2021-03-21,under_review
a63d942b-90b4-4986-9332-ed636eafbec0,Cole-Palmer,China,2019-07-23,active
1c60b03f-cbda-4848-bda4-037b1609cb29,Davis-Lozano,China,2018-01-22,under_review
555fcd09-006a-4afc-92f8-1dea39249923,Wilkerson-Arias,US,2020-06-02,under_review
dbe5fb92-f197-4f73-b3f4-64e6b16cd184,Brown-Shaw,Germany,2023-12-02,active
f25e1138-f84a-491a-b7cb-ff952033fe1d,Hughes Inc,India,2020-08-31,active
75517e91-d2ff-4e51-99dc-b12033658ec5,Walker-Flores,US,2022-09-16,active
a8c2e206-aff3-4435-ad9f-729533270817,Combs Ltd,Vietnam,2018-09-15,active
0407f951-c957-4c40-b6e3-959572176423,Moody-Taylor,South Korea,2024-01-05,active
d8dab512-26db-4946-b9b1-eb231e59c403,Lowery-Kennedy,Germany,2020-09-17,active
bce0f64b-05af-4c7e-ab9e-860fc371655c,Blake Group,US,2018-01-07,active
e06f4af4-c331-4967-8ae3-68ea0ce0c10a,Gilbert-Bullock,US,2022-09-03,active
863ef886-59b6-4786-822c-09c9e2e3077c,Scott and Sons,Mexico,2023-11-15,terminated
4b909e7e-a65e-4d07-92df-4c5dd4b48dd0,"Bentley, Lynch and Henderson",US,2023-11-25,active
4ef2b3da-38d9-4848-9a86-f977eb696608,Young-Martinez,India,2023-09-11,active
0038db8d-cb73-465e-8d30-0282ecb8597c,Barnes PLC,China,2023-04-10,active
227fbd89-0ea2-445a-b86c-7677805e59a1,Brown-Copeland,China,2022-03-10,active
0e53b8fd-969c-44be-bfdf-46053ab07ffc,Carlson-Smith,US,2018-10-04,active
294292f9-fc68-42f9-a054-21c75d8fd23b,"Andrews, Higgins and Carter",India,2019-03-01,active
31fb17a1-4dd9-4121-8a7a-1103f4bb1827,Mendez and Sons,India,2021-09-23,active
0523c28b-3e58-462e-8d74-0a6e4ae0abff,"Butler, Beck and Miller",China,2021-10-18,under_review
654974c6-3ced-4780-b64b-6242f4c18261,Jones-Fox,US,2023-03-19,terminated
f3f63e30-fb23-4b3a-9b8e-227b66d97d55,"Hartman, Romero and Smith",China,2020-01-17,under_review
c26e6d34-8b95-4173-99dd-1dd0e88cfad8,Williams-Hughes,US,2023-02-18,active
f8d6e3c1-caa8-432d-8fe5-ea01ac05de3f,King-Smith,US,2020-03-28,under_review
643748ed-3b16-4a3d-a6bb-b294ca4462ff,Cooper Ltd,China,2021-06-24,active
fd8239bd-d4f7-4d4b-8359-dcdaeb49e0d8,"Fuller, Ingram and Moss",Canada,2024-02-03,active
2a8631bd-0808-4eb5-90ae-fd89703a9b4c,Anderson-Bell,US,2020-02-22,active
659976e5-0546-4972-a81d-cd489060bab9,Li-Thompson,Japan,2018-07-15,under_review
fe7ff5ac-05b5-471d-aeb7-f2c4308458de,"Marshall, Dominguez and Welch",China,2019-05-25,active
99db5318-dc72-43e3-8c16-38d4906475a2,Brown Group,China,2022-06-27,active
dedd3b40-1ce3-4196-9f72-e2192056afd5,Carter Inc,Japan,2022-05-03,active
26b76f04-00e2-41e8-86e4-9368f03e4162,Blackwell LLC,US,2023-07-31,active
dde660a7-72dc-4b8a-9145-ffebfffaa2c6,Robertson-Hays,India,2020-12-28,under_review
fd8c623e-6703-4ce4-90cb-d5c5c881ed15,"Kennedy, Johnson and Lucas",Mexico,2018-11-20,active
0b2ce5b2-1d1f-4718-8f10-e222ddacc63e,Kelly-Norman,Canada,2020-01-10,active
